0,ARG,1649
1,MET,1650
2,SER,1651
3,MET,1652
4,VAL,1653
5,VAL,1654
6,SER,1655
7,GLY,1656
8,LEU,1657
9,THR,1658
10,PRO,1659
11,GLU,1660
12,GLU,1661
13,PHE,1662
14,MET,1663
15,LEU,1664
16,VAL,1665
17,TYR,1666
18,LYS,1667
19,PHE,1668
20,ALA,1669
21,ARG,1670
22,LYS,1671
23,HIS,1672
24,HIS,1673
25,ILE,1674
26,THR,1675
27,LEU,1676
28,THR,1677
29,ASN,1678
30,LEU,1679
31,ILE,1680
32,THR,1681
33,GLU,1682
34,GLU,1683
35,THR,1684
36,THR,1685
37,HIS,1686
38,VAL,1687
39,VAL,1688
40,MET,1689
41,LYS,1690
42,THR,1691
43,ASP,1692
44,ALA,1693
45,GLU,1694
46,PHE,1695
47,VAL,1696
48,CYS,1697
49,GLU,1698
50,ARG,1699
51,THR,1700
52,LEU,1701
53,LYS,1702
54,TYR,1703
55,PHE,1704
56,LEU,1705
57,GLY,1706
58,ILE,1707
59,ALA,1708
60,GLY,1709
61,GLY,1710
62,LYS,1711
63,TRP,1712
64,VAL,1713
65,VAL,1714
66,SER,1715
67,TYR,1716
68,PHE,1717
69,TRP,1718
70,VAL,1719
71,THR,1720
72,GLN,1721
73,SER,1722
74,ILE,1723
75,LYS,1724
76,GLU,1725
77,ARG,1726
78,LYS,1727
79,MET,1728
80,LEU,1729
81,ASN,1730
82,GLU,1731
83,HIS,1732
84,ASP,1733
85,PHE,1734
86,GLU,1735
87,VAL,1736
88,ARG,1737
89,GLY,1738
90,ASP,1739
91,VAL,1740
92,VAL,1741
93,ASN,1742
94,GLY,1743
95,ARG,1744
96,ASN,1745
97,HIS,1746
98,GLN,1747
99,GLY,1748
100,PRO,1749
101,LYS,1750
102,ARG,1751
103,ALA,1752
104,ARG,1753
105,GLU,1754
106,SER,1755
107,GLN,1756
108,ASP,1757
109,ARG,1758
110,LYS,1759
111,ILE,1760
112,PHE,1761
113,ARG,1762
114,GLY,1763
115,LEU,1764
116,GLU,1765
117,ILE,1766
118,CYS,1767
119,CYS,1768
120,TYR,1769
121,GLY,1770
122,PRO,1771
123,PHE,1772
124,THR,1773
125,ASN,1774
126,MET,1775
127,PRO,1776
128,THR,1777
129,ASP,1778
130,GLN,1779
131,LEU,1780
132,GLU,1781
133,TRP,1782
134,MET,1783
135,VAL,1784
136,GLN,1785
137,LEU,1786
138,CYS,1787
139,GLY,1788
140,ALA,1789
141,SER,1790
142,VAL,1791
143,VAL,1792
144,LYS,1793
145,GLU,1794
146,LEU,1795
147,SER,1796
148,SER,1797
149,PHE,1798
150,THR,1799
151,LEU,1800
152,GLY,1801
153,THR,1802
154,GLY,1803
155,VAL,1804
156,HIS,1805
157,PRO,1806
158,ILE,1807
159,VAL,1808
160,VAL,1809
161,VAL,1810
162,GLN,1811
163,PRO,1812
164,ASP,1813
165,ALA,1814
166,TRP,1815
167,THR,1816
168,GLU,1817
169,ASP,1818
170,ASN,1819
171,GLY,1820
172,PHE,1821
173,HIS,1822
174,ALA,1823
175,ILE,1824
176,GLY,1825
177,GLN,1826
178,MET,1827
179,CYS,1828
180,GLU,1829
181,ALA,1830
182,PRO,1831
183,VAL,1832
184,VAL,1833
185,THR,1834
186,ARG,1835
187,GLU,1836
188,TRP,1837
189,VAL,1838
190,LEU,1839
191,ASP,1840
192,SER,1841
193,VAL,1842
194,ALA,1843
195,LEU,1844
196,TYR,1845
197,GLN,1846
198,CYS,1847
199,GLN,1848
200,GLU,1849
201,LEU,1850
202,ASP,1851
203,THR,1852
204,TYR,1853
205,LEU,1854
206,ILE,1855
207,PRO,1856
208,GLN,1857
209,ILE,1858
210,PRO,1859
